filename,label
image_1.jpg,apple
image_2.jpg,apple
image_3.jpg,apple
image_4.jpg,apple
image_5.jpg,apple
image_6.jpg,apple
image_7.jpg,apple
image_8.jpg,apple
image_9.jpg,apple
image_10.jpg,apple
image_11.jpg,apple
image_12.jpg,apple
image_13.jpg,apple
image_14.jpg,apple
image_15.jpg,apple
image_16.jpg,apple
image_17.jpg,apple
image_18.jpg,apple
image_19.jpg,apple
image_20.jpg,apple
image_21.jpg,apple
image_22.jpg,apple
image_23.jpg,apple
image_24.jpg,apple
image_25.jpg,apple
image_26.jpg,apple
image_27.jpg,apple
image_28.jpg,apple
image_29.jpg,apple
image_30.jpg,apple
image_31.jpg,apple
image_32.jpg,apple
image_33.jpg,apple
image_34.jpg,apple
image_35.jpg,apple
image_36.jpg,apple
image_37.jpg,apple
image_38.jpg,apple
image_39.jpg,apple
image_40.jpg,apple
image_41.jpg,apple
image_42.jpg,apple
image_43.jpg,apple
image_44.jpg,apple
image_45.jpg,apple
image_46.jpg,apple
image_47.jpg,apple
image_48.jpg,apple
image_49.jpg,apple
image_50.jpg,apple
image_51.jpg,apple
image_52.jpg,apple
image_53.jpg,apple
image_54.jpg,apple
image_55.jpg,apple
image_56.jpg,apple
image_57.jpg,apple
image_58.jpg,apple
image_59.jpg,apple
image_60.jpg,apple
image_61.jpg,apple
image_62.jpg,apple
image_63.jpg,apple
image_64.jpg,apple
image_65.jpg,apple
image_66.jpg,apple
image_67.jpg,apple
image_68.jpg,banana
image_69.jpg,banana
image_70.jpg,banana
image_71.jpg,banana
image_72.jpg,banana
image_73.jpg,banana
image_74.jpg,banana
image_75.jpg,banana
image_76.jpg,banana
image_77.jpg,banana
image_78.jpg,banana
image_79.jpg,banana
image_80.jpg,banana
image_81.jpg,banana
image_82.jpg,banana
image_83.jpg,banana
image_84.jpg,banana
image_85.jpg,banana
image_86.jpg,banana
image_87.jpg,banana
image_88.jpg,banana
image_89.jpg,banana
image_90.jpg,banana
image_91.jpg,banana
image_92.jpg,banana
image_93.jpg,banana
image_94.jpg,banana
image_95.jpg,banana
image_96.jpg,banana
image_97.jpg,banana
image_98.jpg,banana
image_99.jpg,banana
image_100.jpg,banana
image_101.jpg,banana
image_102.jpg,banana
image_103.jpg,banana
image_104.jpg,banana
image_105.jpg,banana
image_106.jpg,banana
image_107.jpg,banana
image_108.jpg,banana
image_109.jpg,banana
image_110.jpg,banana
image_111.jpg,banana
image_112.jpg,banana
image_113.jpg,banana
image_114.jpg,banana
image_115.jpg,banana
image_116.jpg,banana
image_117.jpg,banana
image_118.jpg,banana
image_119.jpg,banana
image_120.jpg,banana
image_121.jpg,banana
image_122.jpg,banana
image_123.jpg,banana
image_124.jpg,banana
image_125.jpg,banana
image_126.jpg,banana
image_127.jpg,banana
image_128.jpg,banana
image_129.jpg,banana
image_130.jpg,banana
image_131.jpg,banana
image_132.jpg,banana
image_133.jpg,banana
image_134.jpg,banana
image_135.jpg,banana
image_136.jpg,banana
image_137.jpg,banana
image_138.jpg,banana
image_139.jpg,banana
image_140.jpg,banana
image_141.jpg,banana
image_142.jpg,beetroot
image_143.jpg,beetroot
image_144.jpg,beetroot
image_145.jpg,beetroot
image_146.jpg,beetroot
image_147.jpg,beetroot
image_148.jpg,beetroot
image_149.jpg,beetroot
image_150.jpg,beetroot
image_151.jpg,beetroot
image_152.jpg,beetroot
image_153.jpg,beetroot
image_154.jpg,beetroot
image_155.jpg,beetroot
image_156.jpg,beetroot
image_157.jpg,beetroot
image_158.jpg,beetroot
image_159.jpg,beetroot
image_160.jpg,beetroot
image_161.jpg,beetroot
image_162.jpg,beetroot
image_163.jpg,beetroot
image_164.jpg,beetroot
image_165.jpg,beetroot
image_166.jpg,beetroot
image_167.jpg,beetroot
image_168.jpg,beetroot
image_169.jpg,beetroot
image_170.jpg,beetroot
image_171.jpg,beetroot
image_172.jpg,beetroot
image_173.jpg,beetroot
image_174.jpg,beetroot
image_175.jpg,beetroot
image_176.jpg,beetroot
image_177.jpg,beetroot
image_178.jpg,beetroot
image_179.jpg,beetroot
image_180.jpg,beetroot
image_181.jpg,beetroot
image_182.jpg,beetroot
image_183.jpg,beetroot
image_184.jpg,beetroot
image_185.jpg,beetroot
image_186.jpg,beetroot
image_187.jpg,beetroot
image_188.jpg,beetroot
image_189.jpg,beetroot
image_190.jpg,beetroot
image_191.jpg,beetroot
image_192.jpg,beetroot
image_193.jpg,beetroot
image_194.jpg,beetroot
image_195.jpg,beetroot
image_196.jpg,beetroot
image_197.jpg,beetroot
image_198.jpg,beetroot
image_199.jpg,beetroot
image_200.jpg,beetroot
image_201.jpg,beetroot
image_202.jpg,beetroot
image_203.jpg,beetroot
image_204.jpg,beetroot
image_205.jpg,beetroot
image_206.jpg,beetroot
image_207.jpg,beetroot
image_208.jpg,beetroot
image_209.jpg,beetroot
image_210.jpg,beetroot
image_211.jpg,beetroot
image_212.jpg,beetroot
image_213.jpg,beetroot
image_214.jpg,beetroot
image_215.jpg,beetroot
image_216.jpg,beetroot
image_217.jpg,beetroot
image_218.jpg,beetroot
image_219.jpg,beetroot
image_220.jpg,beetroot
image_221.jpg,beetroot
image_222.jpg,beetroot
image_223.jpg,beetroot
image_224.jpg,beetroot
image_225.jpg,beetroot
image_226.jpg,beetroot
image_227.jpg,beetroot
image_228.jpg,beetroot
image_229.jpg,bell pepper
image_230.jpg,bell pepper
image_231.jpg,bell pepper
image_232.jpg,bell pepper
image_233.jpg,bell pepper
image_234.jpg,bell pepper
image_235.jpg,bell pepper
image_236.jpg,bell pepper
image_237.jpg,bell pepper
image_238.jpg,bell pepper
image_239.jpg,bell pepper
image_240.jpg,bell pepper
image_241.jpg,bell pepper
image_242.jpg,bell pepper
image_243.jpg,bell pepper
image_244.jpg,bell pepper
image_245.jpg,bell pepper
image_246.jpg,bell pepper
image_247.jpg,bell pepper
image_248.jpg,bell pepper
image_249.jpg,bell pepper
image_250.jpg,bell pepper
image_251.jpg,bell pepper
image_252.jpg,bell pepper
image_253.jpg,bell pepper
image_254.jpg,bell pepper
image_255.jpg,bell pepper
image_256.jpg,bell pepper
image_257.jpg,bell pepper
image_258.jpg,bell pepper
image_259.jpg,bell pepper
image_260.jpg,bell pepper
image_261.jpg,bell pepper
image_262.jpg,bell pepper
image_263.jpg,bell pepper
image_264.jpg,bell pepper
image_265.jpg,bell pepper
image_266.jpg,bell pepper
image_267.jpg,bell pepper
image_268.jpg,bell pepper
image_269.jpg,bell pepper
image_270.jpg,bell pepper
image_271.jpg,bell pepper
image_272.jpg,bell pepper
image_273.jpg,bell pepper
image_274.jpg,bell pepper
image_275.jpg,bell pepper
image_276.jpg,bell pepper
image_277.jpg,bell pepper
image_278.jpg,bell pepper
image_279.jpg,bell pepper
image_280.jpg,bell pepper
image_281.jpg,bell pepper
image_282.jpg,bell pepper
image_283.jpg,bell pepper
image_284.jpg,bell pepper
image_285.jpg,bell pepper
image_286.jpg,bell pepper
image_287.jpg,bell pepper
image_288.jpg,bell pepper
image_289.jpg,bell pepper
image_290.jpg,bell pepper
image_291.jpg,bell pepper
image_292.jpg,bell pepper
image_293.jpg,bell pepper
image_294.jpg,bell pepper
image_295.jpg,bell pepper
image_296.jpg,bell pepper
image_297.jpg,bell pepper
image_298.jpg,bell pepper
image_299.jpg,bell pepper
image_300.jpg,bell pepper
image_301.jpg,bell pepper
image_302.jpg,bell pepper
image_303.jpg,bell pepper
image_304.jpg,bell pepper
image_305.jpg,bell pepper
image_306.jpg,bell pepper
image_307.jpg,bell pepper
image_308.jpg,bell pepper
image_309.jpg,bell pepper
image_310.jpg,bell pepper
image_311.jpg,bell pepper
image_312.jpg,bell pepper
image_313.jpg,bell pepper
image_314.jpg,bell pepper
image_315.jpg,bell pepper
image_316.jpg,bell pepper
image_317.jpg,cabbage
image_318.jpg,cabbage
image_319.jpg,cabbage
image_320.jpg,cabbage
image_321.jpg,cabbage
image_322.jpg,cabbage
image_323.jpg,cabbage
image_324.jpg,cabbage
image_325.jpg,cabbage
image_326.jpg,cabbage
image_327.jpg,cabbage
image_328.jpg,cabbage
image_329.jpg,cabbage
image_330.jpg,cabbage
image_331.jpg,cabbage
image_332.jpg,cabbage
image_333.jpg,cabbage
image_334.jpg,cabbage
image_335.jpg,cabbage
image_336.jpg,cabbage
image_337.jpg,cabbage
image_338.jpg,cabbage
image_339.jpg,cabbage
image_340.jpg,cabbage
image_341.jpg,cabbage
image_342.jpg,cabbage
image_343.jpg,cabbage
image_344.jpg,cabbage
image_345.jpg,cabbage
image_346.jpg,cabbage
image_347.jpg,cabbage
image_348.jpg,cabbage
image_349.jpg,cabbage
image_350.jpg,cabbage
image_351.jpg,cabbage
image_352.jpg,cabbage
image_353.jpg,cabbage
image_354.jpg,cabbage
image_355.jpg,cabbage
image_356.jpg,cabbage
image_357.jpg,cabbage
image_358.jpg,cabbage
image_359.jpg,cabbage
image_360.jpg,cabbage
image_361.jpg,cabbage
image_362.jpg,cabbage
image_363.jpg,cabbage
image_364.jpg,cabbage
image_365.jpg,cabbage
image_366.jpg,cabbage
image_367.jpg,cabbage
image_368.jpg,cabbage
image_369.jpg,cabbage
image_370.jpg,cabbage
image_371.jpg,cabbage
image_372.jpg,cabbage
image_373.jpg,cabbage
image_374.jpg,cabbage
image_375.jpg,cabbage
image_376.jpg,cabbage
image_377.jpg,cabbage
image_378.jpg,cabbage
image_379.jpg,cabbage
image_380.jpg,cabbage
image_381.jpg,cabbage
image_382.jpg,cabbage
image_383.jpg,cabbage
image_384.jpg,cabbage
image_385.jpg,cabbage
image_386.jpg,cabbage
image_387.jpg,cabbage
image_388.jpg,cabbage
image_389.jpg,cabbage
image_390.jpg,cabbage
image_391.jpg,cabbage
image_392.jpg,cabbage
image_393.jpg,cabbage
image_394.jpg,cabbage
image_395.jpg,cabbage
image_396.jpg,cabbage
image_397.jpg,cabbage
image_398.jpg,cabbage
image_399.jpg,cabbage
image_400.jpg,cabbage
image_401.jpg,cabbage
image_402.jpg,cabbage
image_403.jpg,cabbage
image_404.jpg,capsicum
image_405.jpg,capsicum
image_406.jpg,capsicum
image_407.jpg,capsicum
image_408.jpg,capsicum
image_409.jpg,capsicum
image_410.jpg,capsicum
image_411.jpg,capsicum
image_412.jpg,capsicum
image_413.jpg,capsicum
image_414.jpg,capsicum
image_415.jpg,capsicum
image_416.jpg,capsicum
image_417.jpg,capsicum
image_418.jpg,capsicum
image_419.jpg,capsicum
image_420.jpg,capsicum
image_421.jpg,capsicum
image_422.jpg,capsicum
image_423.jpg,capsicum
image_424.jpg,capsicum
image_425.jpg,capsicum
image_426.jpg,capsicum
image_427.jpg,capsicum
image_428.jpg,capsicum
image_429.jpg,capsicum
image_430.jpg,capsicum
image_431.jpg,capsicum
image_432.jpg,capsicum
image_433.jpg,capsicum
image_434.jpg,capsicum
image_435.jpg,capsicum
image_436.jpg,capsicum
image_437.jpg,capsicum
image_438.jpg,capsicum
image_439.jpg,capsicum
image_440.jpg,capsicum
image_441.jpg,capsicum
image_442.jpg,capsicum
image_443.jpg,capsicum
image_444.jpg,capsicum
image_445.jpg,capsicum
image_446.jpg,capsicum
image_447.jpg,capsicum
image_448.jpg,capsicum
image_449.jpg,capsicum
image_450.jpg,capsicum
image_451.jpg,capsicum
image_452.jpg,capsicum
image_453.jpg,capsicum
image_454.jpg,capsicum
image_455.jpg,capsicum
image_456.jpg,capsicum
image_457.jpg,capsicum
image_458.jpg,capsicum
image_459.jpg,capsicum
image_460.jpg,capsicum
image_461.jpg,capsicum
image_462.jpg,capsicum
image_463.jpg,capsicum
image_464.jpg,capsicum
image_465.jpg,capsicum
image_466.jpg,capsicum
image_467.jpg,capsicum
image_468.jpg,capsicum
image_469.jpg,capsicum
image_470.jpg,capsicum
image_471.jpg,capsicum
image_472.jpg,capsicum
image_473.jpg,capsicum
image_474.jpg,capsicum
image_475.jpg,capsicum
image_476.jpg,capsicum
image_477.jpg,capsicum
image_478.jpg,capsicum
image_479.jpg,capsicum
image_480.jpg,capsicum
image_481.jpg,capsicum
image_482.jpg,capsicum
image_483.jpg,capsicum
image_484.jpg,capsicum
image_485.jpg,capsicum
image_486.jpg,capsicum
image_487.jpg,capsicum
image_488.jpg,carrot
image_489.jpg,carrot
image_490.jpg,carrot
image_491.jpg,carrot
image_492.jpg,carrot
image_493.jpg,carrot
image_494.jpg,carrot
image_495.jpg,carrot
image_496.jpg,carrot
image_497.jpg,carrot
image_498.jpg,carrot
image_499.jpg,carrot
image_500.jpg,carrot
image_501.jpg,carrot
image_502.jpg,carrot
image_503.jpg,carrot
image_504.jpg,carrot
image_505.jpg,carrot
image_506.jpg,carrot
image_507.jpg,carrot
image_508.jpg,carrot
image_509.jpg,carrot
image_510.jpg,carrot
image_511.jpg,carrot
image_512.jpg,carrot
image_513.jpg,carrot
image_514.jpg,carrot
image_515.jpg,carrot
image_516.jpg,carrot
image_517.jpg,carrot
image_518.jpg,carrot
image_519.jpg,carrot
image_520.jpg,carrot
image_521.jpg,carrot
image_522.jpg,carrot
image_523.jpg,carrot
image_524.jpg,carrot
image_525.jpg,carrot
image_526.jpg,carrot
image_527.jpg,carrot
image_528.jpg,carrot
image_529.jpg,carrot
image_530.jpg,carrot
image_531.jpg,carrot
image_532.jpg,carrot
image_533.jpg,carrot
image_534.jpg,carrot
image_535.jpg,carrot
image_536.jpg,carrot
image_537.jpg,carrot
image_538.jpg,carrot
image_539.jpg,carrot
image_540.jpg,carrot
image_541.jpg,carrot
image_542.jpg,carrot
image_543.jpg,carrot
image_544.jpg,carrot
image_545.jpg,carrot
image_546.jpg,carrot
image_547.jpg,carrot
image_548.jpg,carrot
image_549.jpg,carrot
image_550.jpg,carrot
image_551.jpg,carrot
image_552.jpg,carrot
image_553.jpg,carrot
image_554.jpg,carrot
image_555.jpg,carrot
image_556.jpg,carrot
image_557.jpg,carrot
image_558.jpg,carrot
image_559.jpg,carrot
image_560.jpg,carrot
image_561.jpg,carrot
image_562.jpg,carrot
image_563.jpg,carrot
image_564.jpg,carrot
image_565.jpg,carrot
image_566.jpg,carrot
image_567.jpg,carrot
image_568.jpg,carrot
image_569.jpg,cauliflower
image_570.jpg,cauliflower
image_571.jpg,cauliflower
image_572.jpg,cauliflower
image_573.jpg,cauliflower
image_574.jpg,cauliflower
image_575.jpg,cauliflower
image_576.jpg,cauliflower
image_577.jpg,cauliflower
image_578.jpg,cauliflower
image_579.jpg,cauliflower
image_580.jpg,cauliflower
image_581.jpg,cauliflower
image_582.jpg,cauliflower
image_583.jpg,cauliflower
image_584.jpg,cauliflower
image_585.jpg,cauliflower
image_586.jpg,cauliflower
image_587.jpg,cauliflower
image_588.jpg,cauliflower
image_589.jpg,cauliflower
image_590.jpg,cauliflower
image_591.jpg,cauliflower
image_592.jpg,cauliflower
image_593.jpg,cauliflower
image_594.jpg,cauliflower
image_595.jpg,cauliflower
image_596.jpg,cauliflower
image_597.jpg,cauliflower
image_598.jpg,cauliflower
image_599.jpg,cauliflower
image_600.jpg,cauliflower
image_601.jpg,cauliflower
image_602.jpg,cauliflower
image_603.jpg,cauliflower
image_604.jpg,cauliflower
image_605.jpg,cauliflower
image_606.jpg,cauliflower
image_607.jpg,cauliflower
image_608.jpg,cauliflower
image_609.jpg,cauliflower
image_610.jpg,cauliflower
image_611.jpg,cauliflower
image_612.jpg,cauliflower
image_613.jpg,cauliflower
image_614.jpg,cauliflower
image_615.jpg,cauliflower
image_616.jpg,cauliflower
image_617.jpg,cauliflower
image_618.jpg,cauliflower
image_619.jpg,cauliflower
image_620.jpg,cauliflower
image_621.jpg,cauliflower
image_622.jpg,cauliflower
image_623.jpg,cauliflower
image_624.jpg,cauliflower
image_625.jpg,cauliflower
image_626.jpg,cauliflower
image_627.jpg,cauliflower
image_628.jpg,cauliflower
image_629.jpg,cauliflower
image_630.jpg,cauliflower
image_631.jpg,cauliflower
image_632.jpg,cauliflower
image_633.jpg,cauliflower
image_634.jpg,cauliflower
image_635.jpg,cauliflower
image_636.jpg,cauliflower
image_637.jpg,cauliflower
image_638.jpg,cauliflower
image_639.jpg,cauliflower
image_640.jpg,cauliflower
image_641.jpg,cauliflower
image_642.jpg,cauliflower
image_643.jpg,cauliflower
image_644.jpg,cauliflower
image_645.jpg,chilli pepper
image_646.jpg,chilli pepper
image_647.jpg,chilli pepper
image_648.jpg,chilli pepper
image_649.jpg,chilli pepper
image_650.jpg,chilli pepper
image_651.jpg,chilli pepper
image_652.jpg,chilli pepper
image_653.jpg,chilli pepper
image_654.jpg,chilli pepper
image_655.jpg,chilli pepper
image_656.jpg,chilli pepper
image_657.jpg,chilli pepper
image_658.jpg,chilli pepper
image_659.jpg,chilli pepper
image_660.jpg,chilli pepper
image_661.jpg,chilli pepper
image_662.jpg,chilli pepper
image_663.jpg,chilli pepper
image_664.jpg,chilli pepper
image_665.jpg,chilli pepper
image_666.jpg,chilli pepper
image_667.jpg,chilli pepper
image_668.jpg,chilli pepper
image_669.jpg,chilli pepper
image_670.jpg,chilli pepper
image_671.jpg,chilli pepper
image_672.jpg,chilli pepper
image_673.jpg,chilli pepper
image_674.jpg,chilli pepper
image_675.jpg,chilli pepper
image_676.jpg,chilli pepper
image_677.jpg,chilli pepper
image_678.jpg,chilli pepper
image_679.jpg,chilli pepper
image_680.jpg,chilli pepper
image_681.jpg,chilli pepper
image_682.jpg,chilli pepper
image_683.jpg,chilli pepper
image_684.jpg,chilli pepper
image_685.jpg,chilli pepper
image_686.jpg,chilli pepper
image_687.jpg,chilli pepper
image_688.jpg,chilli pepper
image_689.jpg,chilli pepper
image_690.jpg,chilli pepper
image_691.jpg,chilli pepper
image_692.jpg,chilli pepper
image_693.jpg,chilli pepper
image_694.jpg,chilli pepper
image_695.jpg,chilli pepper
image_696.jpg,chilli pepper
image_697.jpg,chilli pepper
image_698.jpg,chilli pepper
image_699.jpg,chilli pepper
image_700.jpg,chilli pepper
image_701.jpg,chilli pepper
image_702.jpg,chilli pepper
image_703.jpg,chilli pepper
image_704.jpg,chilli pepper
image_705.jpg,chilli pepper
image_706.jpg,chilli pepper
image_707.jpg,chilli pepper
image_708.jpg,chilli pepper
image_709.jpg,chilli pepper
image_710.jpg,chilli pepper
image_711.jpg,chilli pepper
image_712.jpg,chilli pepper
image_713.jpg,chilli pepper
image_714.jpg,chilli pepper
image_715.jpg,chilli pepper
image_716.jpg,chilli pepper
image_717.jpg,chilli pepper
image_718.jpg,chilli pepper
image_719.jpg,chilli pepper
image_720.jpg,chilli pepper
image_721.jpg,chilli pepper
image_722.jpg,chilli pepper
image_723.jpg,chilli pepper
image_724.jpg,chilli pepper
image_725.jpg,chilli pepper
image_726.jpg,corn
image_727.jpg,corn
image_728.jpg,corn
image_729.jpg,corn
image_730.jpg,corn
image_731.jpg,corn
image_732.jpg,corn
image_733.jpg,corn
image_734.jpg,corn
image_735.jpg,corn
image_736.jpg,corn
image_737.jpg,corn
image_738.jpg,corn
image_739.jpg,corn
image_740.jpg,corn
image_741.jpg,corn
image_742.jpg,corn
image_743.jpg,corn
image_744.jpg,corn
image_745.jpg,corn
image_746.jpg,corn
image_747.jpg,corn
image_748.jpg,corn
image_749.jpg,corn
image_750.jpg,corn
image_751.jpg,corn
image_752.jpg,corn
image_753.jpg,corn
image_754.jpg,corn
image_755.jpg,corn
image_756.jpg,corn
image_757.jpg,corn
image_758.jpg,corn
image_759.jpg,corn
image_760.jpg,corn
image_761.jpg,corn
image_762.jpg,corn
image_763.jpg,corn
image_764.jpg,corn
image_765.jpg,corn
image_766.jpg,corn
image_767.jpg,corn
image_768.jpg,corn
image_769.jpg,corn
image_770.jpg,corn
image_771.jpg,corn
image_772.jpg,corn
image_773.jpg,corn
image_774.jpg,corn
image_775.jpg,corn
image_776.jpg,corn
image_777.jpg,corn
image_778.jpg,corn
image_779.jpg,corn
image_780.jpg,corn
image_781.jpg,corn
image_782.jpg,corn
image_783.jpg,corn
image_784.jpg,corn
image_785.jpg,corn
image_786.jpg,corn
image_787.jpg,corn
image_788.jpg,corn
image_789.jpg,corn
image_790.jpg,corn
image_791.jpg,corn
image_792.jpg,corn
image_793.jpg,corn
image_794.jpg,corn
image_795.jpg,corn
image_796.jpg,corn
image_797.jpg,corn
image_798.jpg,corn
image_799.jpg,corn
image_800.jpg,corn
image_801.jpg,corn
image_802.jpg,corn
image_803.jpg,corn
image_804.jpg,corn
image_805.jpg,corn
image_806.jpg,corn
image_807.jpg,corn
image_808.jpg,corn
image_809.jpg,corn
image_810.jpg,corn
image_811.jpg,corn
image_812.jpg,cucumber
image_813.jpg,cucumber
image_814.jpg,cucumber
image_815.jpg,cucumber
image_816.jpg,cucumber
image_817.jpg,cucumber
image_818.jpg,cucumber
image_819.jpg,cucumber
image_820.jpg,cucumber
image_821.jpg,cucumber
image_822.jpg,cucumber
image_823.jpg,cucumber
image_824.jpg,cucumber
image_825.jpg,cucumber
image_826.jpg,cucumber
image_827.jpg,cucumber
image_828.jpg,cucumber
image_829.jpg,cucumber
image_830.jpg,cucumber
image_831.jpg,cucumber
image_832.jpg,cucumber
image_833.jpg,cucumber
image_834.jpg,cucumber
image_835.jpg,cucumber
image_836.jpg,cucumber
image_837.jpg,cucumber
image_838.jpg,cucumber
image_839.jpg,cucumber
image_840.jpg,cucumber
image_841.jpg,cucumber
image_842.jpg,cucumber
image_843.jpg,cucumber
image_844.jpg,cucumber
image_845.jpg,cucumber
image_846.jpg,cucumber
image_847.jpg,cucumber
image_848.jpg,cucumber
image_849.jpg,cucumber
image_850.jpg,cucumber
image_851.jpg,cucumber
image_852.jpg,cucumber
image_853.jpg,cucumber
image_854.jpg,cucumber
image_855.jpg,cucumber
image_856.jpg,cucumber
image_857.jpg,cucumber
image_858.jpg,cucumber
image_859.jpg,cucumber
image_860.jpg,cucumber
image_861.jpg,cucumber
image_862.jpg,cucumber
image_863.jpg,cucumber
image_864.jpg,cucumber
image_865.jpg,cucumber
image_866.jpg,cucumber
image_867.jpg,cucumber
image_868.jpg,cucumber
image_869.jpg,cucumber
image_870.jpg,cucumber
image_871.jpg,cucumber
image_872.jpg,cucumber
image_873.jpg,cucumber
image_874.jpg,cucumber
image_875.jpg,cucumber
image_876.jpg,cucumber
image_877.jpg,cucumber
image_878.jpg,cucumber
image_879.jpg,cucumber
image_880.jpg,cucumber
image_881.jpg,cucumber
image_882.jpg,cucumber
image_883.jpg,cucumber
image_884.jpg,cucumber
image_885.jpg,cucumber
image_886.jpg,cucumber
image_887.jpg,cucumber
image_888.jpg,cucumber
image_889.jpg,cucumber
image_890.jpg,cucumber
image_891.jpg,cucumber
image_892.jpg,cucumber
image_893.jpg,cucumber
image_894.jpg,cucumber
image_895.jpg,cucumber
image_896.jpg,cucumber
image_897.jpg,cucumber
image_898.jpg,cucumber
image_899.jpg,cucumber
image_900.jpg,eggplant
image_901.jpg,eggplant
image_902.jpg,eggplant
image_903.jpg,eggplant
image_904.jpg,eggplant
image_905.jpg,eggplant
image_906.jpg,eggplant
image_907.jpg,eggplant
image_908.jpg,eggplant
image_909.jpg,eggplant
image_910.jpg,eggplant
image_911.jpg,eggplant
image_912.jpg,eggplant
image_913.jpg,eggplant
image_914.jpg,eggplant
image_915.jpg,eggplant
image_916.jpg,eggplant
image_917.jpg,eggplant
image_918.jpg,eggplant
image_919.jpg,eggplant
image_920.jpg,eggplant
image_921.jpg,eggplant
image_922.jpg,eggplant
image_923.jpg,eggplant
image_924.jpg,eggplant
image_925.jpg,eggplant
image_926.jpg,eggplant
image_927.jpg,eggplant
image_928.jpg,eggplant
image_929.jpg,eggplant
image_930.jpg,eggplant
image_931.jpg,eggplant
image_932.jpg,eggplant
image_933.jpg,eggplant
image_934.jpg,eggplant
image_935.jpg,eggplant
image_936.jpg,eggplant
image_937.jpg,eggplant
image_938.jpg,eggplant
image_939.jpg,eggplant
image_940.jpg,eggplant
image_941.jpg,eggplant
image_942.jpg,eggplant
image_943.jpg,eggplant
image_944.jpg,eggplant
image_945.jpg,eggplant
image_946.jpg,eggplant
image_947.jpg,eggplant
image_948.jpg,eggplant
image_949.jpg,eggplant
image_950.jpg,eggplant
image_951.jpg,eggplant
image_952.jpg,eggplant
image_953.jpg,eggplant
image_954.jpg,eggplant
image_955.jpg,eggplant
image_956.jpg,eggplant
image_957.jpg,eggplant
image_958.jpg,eggplant
image_959.jpg,eggplant
image_960.jpg,eggplant
image_961.jpg,eggplant
image_962.jpg,eggplant
image_963.jpg,eggplant
image_964.jpg,eggplant
image_965.jpg,eggplant
image_966.jpg,eggplant
image_967.jpg,eggplant
image_968.jpg,eggplant
image_969.jpg,eggplant
image_970.jpg,eggplant
image_971.jpg,eggplant
image_972.jpg,eggplant
image_973.jpg,eggplant
image_974.jpg,eggplant
image_975.jpg,eggplant
image_976.jpg,eggplant
image_977.jpg,eggplant
image_978.jpg,eggplant
image_979.jpg,eggplant
image_980.jpg,eggplant
image_981.jpg,garlic
image_982.jpg,garlic
image_983.jpg,garlic
image_984.jpg,garlic
image_985.jpg,garlic
image_986.jpg,garlic
image_987.jpg,garlic
image_988.jpg,garlic
image_989.jpg,garlic
image_990.jpg,garlic
image_991.jpg,garlic
image_992.jpg,garlic
image_993.jpg,garlic
image_994.jpg,garlic
image_995.jpg,garlic
image_996.jpg,garlic
image_997.jpg,garlic
image_998.jpg,garlic
image_999.jpg,garlic
image_1000.jpg,garlic
image_1001.jpg,garlic
image_1002.jpg,garlic
image_1003.jpg,garlic
image_1004.jpg,garlic
image_1005.jpg,garlic
image_1006.jpg,garlic
image_1007.jpg,garlic
image_1008.jpg,garlic
image_1009.jpg,garlic
image_1010.jpg,garlic
image_1011.jpg,garlic
image_1012.jpg,garlic
image_1013.jpg,garlic
image_1014.jpg,garlic
image_1015.jpg,garlic
image_1016.jpg,garlic
image_1017.jpg,garlic
image_1018.jpg,garlic
image_1019.jpg,garlic
image_1020.jpg,garlic
image_1021.jpg,garlic
image_1022.jpg,garlic
image_1023.jpg,garlic
image_1024.jpg,garlic
image_1025.jpg,garlic
image_1026.jpg,garlic
image_1027.jpg,garlic
image_1028.jpg,garlic
image_1029.jpg,garlic
image_1030.jpg,garlic
image_1031.jpg,garlic
image_1032.jpg,garlic
image_1033.jpg,garlic
image_1034.jpg,garlic
image_1035.jpg,garlic
image_1036.jpg,garlic
image_1037.jpg,garlic
image_1038.jpg,garlic
image_1039.jpg,garlic
image_1040.jpg,garlic
image_1041.jpg,garlic
image_1042.jpg,garlic
image_1043.jpg,garlic
image_1044.jpg,garlic
image_1045.jpg,garlic
image_1046.jpg,garlic
image_1047.jpg,garlic
image_1048.jpg,garlic
image_1049.jpg,garlic
image_1050.jpg,garlic
image_1051.jpg,garlic
image_1052.jpg,garlic
image_1053.jpg,garlic
image_1054.jpg,garlic
image_1055.jpg,garlic
image_1056.jpg,garlic
image_1057.jpg,garlic
image_1058.jpg,garlic
image_1059.jpg,garlic
image_1060.jpg,garlic
image_1061.jpg,garlic
image_1062.jpg,garlic
image_1063.jpg,garlic
image_1064.jpg,garlic
image_1065.jpg,garlic
image_1066.jpg,garlic
image_1067.jpg,garlic
image_1068.jpg,garlic
image_1069.jpg,garlic
image_1070.jpg,garlic
image_1071.jpg,garlic
image_1072.jpg,ginger
image_1073.jpg,ginger
image_1074.jpg,ginger
image_1075.jpg,ginger
image_1076.jpg,ginger
image_1077.jpg,ginger
image_1078.jpg,ginger
image_1079.jpg,ginger
image_1080.jpg,ginger
image_1081.jpg,ginger
image_1082.jpg,ginger
image_1083.jpg,ginger
image_1084.jpg,ginger
image_1085.jpg,ginger
image_1086.jpg,ginger
image_1087.jpg,ginger
image_1088.jpg,ginger
image_1089.jpg,ginger
image_1090.jpg,ginger
image_1091.jpg,ginger
image_1092.jpg,ginger
image_1093.jpg,ginger
image_1094.jpg,ginger
image_1095.jpg,ginger
image_1096.jpg,ginger
image_1097.jpg,ginger
image_1098.jpg,ginger
image_1099.jpg,ginger
image_1100.jpg,ginger
image_1101.jpg,ginger
image_1102.jpg,ginger
image_1103.jpg,ginger
image_1104.jpg,ginger
image_1105.jpg,ginger
image_1106.jpg,ginger
image_1107.jpg,ginger
image_1108.jpg,ginger
image_1109.jpg,ginger
image_1110.jpg,ginger
image_1111.jpg,ginger
image_1112.jpg,ginger
image_1113.jpg,ginger
image_1114.jpg,ginger
image_1115.jpg,ginger
image_1116.jpg,ginger
image_1117.jpg,ginger
image_1118.jpg,ginger
image_1119.jpg,ginger
image_1120.jpg,ginger
image_1121.jpg,ginger
image_1122.jpg,ginger
image_1123.jpg,ginger
image_1124.jpg,ginger
image_1125.jpg,ginger
image_1126.jpg,ginger
image_1127.jpg,ginger
image_1128.jpg,ginger
image_1129.jpg,ginger
image_1130.jpg,ginger
image_1131.jpg,ginger
image_1132.jpg,ginger
image_1133.jpg,ginger
image_1134.jpg,ginger
image_1135.jpg,ginger
image_1136.jpg,ginger
image_1137.jpg,ginger
image_1138.jpg,ginger
image_1139.jpg,ginger
image_1140.jpg,grapes
image_1141.jpg,grapes
image_1142.jpg,grapes
image_1143.jpg,grapes
image_1144.jpg,grapes
image_1145.jpg,grapes
image_1146.jpg,grapes
image_1147.jpg,grapes
image_1148.jpg,grapes
image_1149.jpg,grapes
image_1150.jpg,grapes
image_1151.jpg,grapes
image_1152.jpg,grapes
image_1153.jpg,grapes
image_1154.jpg,grapes
image_1155.jpg,grapes
image_1156.jpg,grapes
image_1157.jpg,grapes
image_1158.jpg,grapes
image_1159.jpg,grapes
image_1160.jpg,grapes
image_1161.jpg,grapes
image_1162.jpg,grapes
image_1163.jpg,grapes
image_1164.jpg,grapes
image_1165.jpg,grapes
image_1166.jpg,grapes
image_1167.jpg,grapes
image_1168.jpg,grapes
image_1169.jpg,grapes
image_1170.jpg,grapes
image_1171.jpg,grapes
image_1172.jpg,grapes
image_1173.jpg,grapes
image_1174.jpg,grapes
image_1175.jpg,grapes
image_1176.jpg,grapes
image_1177.jpg,grapes
image_1178.jpg,grapes
image_1179.jpg,grapes
image_1180.jpg,grapes
image_1181.jpg,grapes
image_1182.jpg,grapes
image_1183.jpg,grapes
image_1184.jpg,grapes
image_1185.jpg,grapes
image_1186.jpg,grapes
image_1187.jpg,grapes
image_1188.jpg,grapes
image_1189.jpg,grapes
image_1190.jpg,grapes
image_1191.jpg,grapes
image_1192.jpg,grapes
image_1193.jpg,grapes
image_1194.jpg,grapes
image_1195.jpg,grapes
image_1196.jpg,grapes
image_1197.jpg,grapes
image_1198.jpg,grapes
image_1199.jpg,grapes
image_1200.jpg,grapes
image_1201.jpg,grapes
image_1202.jpg,grapes
image_1203.jpg,grapes
image_1204.jpg,grapes
image_1205.jpg,grapes
image_1206.jpg,grapes
image_1207.jpg,grapes
image_1208.jpg,grapes
image_1209.jpg,grapes
image_1210.jpg,grapes
image_1211.jpg,grapes
image_1212.jpg,grapes
image_1213.jpg,grapes
image_1214.jpg,grapes
image_1215.jpg,grapes
image_1216.jpg,grapes
image_1217.jpg,grapes
image_1218.jpg,grapes
image_1219.jpg,grapes
image_1220.jpg,grapes
image_1221.jpg,grapes
image_1222.jpg,grapes
image_1223.jpg,grapes
image_1224.jpg,grapes
image_1225.jpg,grapes
image_1226.jpg,grapes
image_1227.jpg,grapes
image_1228.jpg,grapes
image_1229.jpg,grapes
image_1230.jpg,grapes
image_1231.jpg,grapes
image_1232.jpg,grapes
image_1233.jpg,grapes
image_1234.jpg,jalepeno
image_1235.jpg,jalepeno
image_1236.jpg,jalepeno
image_1237.jpg,jalepeno
image_1238.jpg,jalepeno
image_1239.jpg,jalepeno
image_1240.jpg,jalepeno
image_1241.jpg,jalepeno
image_1242.jpg,jalepeno
image_1243.jpg,jalepeno
image_1244.jpg,jalepeno
image_1245.jpg,jalepeno
image_1246.jpg,jalepeno
image_1247.jpg,jalepeno
image_1248.jpg,jalepeno
image_1249.jpg,jalepeno
image_1250.jpg,jalepeno
image_1251.jpg,jalepeno
image_1252.jpg,jalepeno
image_1253.jpg,jalepeno
image_1254.jpg,jalepeno
image_1255.jpg,jalepeno
image_1256.jpg,jalepeno
image_1257.jpg,jalepeno
image_1258.jpg,jalepeno
image_1259.jpg,jalepeno
image_1260.jpg,jalepeno
image_1261.jpg,jalepeno
image_1262.jpg,jalepeno
image_1263.jpg,jalepeno
image_1264.jpg,jalepeno
image_1265.jpg,jalepeno
image_1266.jpg,jalepeno
image_1267.jpg,jalepeno
image_1268.jpg,jalepeno
image_1269.jpg,jalepeno
image_1270.jpg,jalepeno
image_1271.jpg,jalepeno
image_1272.jpg,jalepeno
image_1273.jpg,jalepeno
image_1274.jpg,jalepeno
image_1275.jpg,jalepeno
image_1276.jpg,jalepeno
image_1277.jpg,jalepeno
image_1278.jpg,jalepeno
image_1279.jpg,jalepeno
image_1280.jpg,jalepeno
image_1281.jpg,jalepeno
image_1282.jpg,jalepeno
image_1283.jpg,jalepeno
image_1284.jpg,jalepeno
image_1285.jpg,jalepeno
image_1286.jpg,jalepeno
image_1287.jpg,jalepeno
image_1288.jpg,jalepeno
image_1289.jpg,jalepeno
image_1290.jpg,jalepeno
image_1291.jpg,jalepeno
image_1292.jpg,jalepeno
image_1293.jpg,jalepeno
image_1294.jpg,jalepeno
image_1295.jpg,jalepeno
image_1296.jpg,jalepeno
image_1297.jpg,jalepeno
image_1298.jpg,jalepeno
image_1299.jpg,jalepeno
image_1300.jpg,jalepeno
image_1301.jpg,jalepeno
image_1302.jpg,jalepeno
image_1303.jpg,jalepeno
image_1304.jpg,jalepeno
image_1305.jpg,jalepeno
image_1306.jpg,jalepeno
image_1307.jpg,jalepeno
image_1308.jpg,jalepeno
image_1309.jpg,jalepeno
image_1310.jpg,jalepeno
image_1311.jpg,jalepeno
image_1312.jpg,jalepeno
image_1313.jpg,jalepeno
image_1314.jpg,jalepeno
image_1315.jpg,jalepeno
image_1316.jpg,jalepeno
image_1317.jpg,jalepeno
image_1318.jpg,jalepeno
image_1319.jpg,jalepeno
image_1320.jpg,jalepeno
image_1321.jpg,kiwi
image_1322.jpg,kiwi
image_1323.jpg,kiwi
image_1324.jpg,kiwi
image_1325.jpg,kiwi
image_1326.jpg,kiwi
image_1327.jpg,kiwi
image_1328.jpg,kiwi
image_1329.jpg,kiwi
image_1330.jpg,kiwi
image_1331.jpg,kiwi
image_1332.jpg,kiwi
image_1333.jpg,kiwi
image_1334.jpg,kiwi
image_1335.jpg,kiwi
image_1336.jpg,kiwi
image_1337.jpg,kiwi
image_1338.jpg,kiwi
image_1339.jpg,kiwi
image_1340.jpg,kiwi
image_1341.jpg,kiwi
image_1342.jpg,kiwi
image_1343.jpg,kiwi
image_1344.jpg,kiwi
image_1345.jpg,kiwi
image_1346.jpg,kiwi
image_1347.jpg,kiwi
image_1348.jpg,kiwi
image_1349.jpg,kiwi
image_1350.jpg,kiwi
image_1351.jpg,kiwi
image_1352.jpg,kiwi
image_1353.jpg,kiwi
image_1354.jpg,kiwi
image_1355.jpg,kiwi
image_1356.jpg,kiwi
image_1357.jpg,kiwi
image_1358.jpg,kiwi
image_1359.jpg,kiwi
image_1360.jpg,kiwi
image_1361.jpg,kiwi
image_1362.jpg,kiwi
image_1363.jpg,kiwi
image_1364.jpg,kiwi
image_1365.jpg,kiwi
image_1366.jpg,kiwi
image_1367.jpg,kiwi
image_1368.jpg,kiwi
image_1369.jpg,kiwi
image_1370.jpg,kiwi
image_1371.jpg,kiwi
image_1372.jpg,kiwi
image_1373.jpg,kiwi
image_1374.jpg,kiwi
image_1375.jpg,kiwi
image_1376.jpg,kiwi
image_1377.jpg,kiwi
image_1378.jpg,kiwi
image_1379.jpg,kiwi
image_1380.jpg,kiwi
image_1381.jpg,kiwi
image_1382.jpg,kiwi
image_1383.jpg,kiwi
image_1384.jpg,kiwi
image_1385.jpg,kiwi
image_1386.jpg,kiwi
image_1387.jpg,kiwi
image_1388.jpg,kiwi
image_1389.jpg,kiwi
image_1390.jpg,kiwi
image_1391.jpg,kiwi
image_1392.jpg,kiwi
image_1393.jpg,kiwi
image_1394.jpg,kiwi
image_1395.jpg,kiwi
image_1396.jpg,kiwi
image_1397.jpg,kiwi
image_1398.jpg,kiwi
image_1399.jpg,kiwi
image_1400.jpg,kiwi
image_1401.jpg,kiwi
image_1402.jpg,kiwi
image_1403.jpg,kiwi
image_1404.jpg,kiwi
image_1405.jpg,kiwi
image_1406.jpg,kiwi
image_1407.jpg,kiwi
image_1408.jpg,kiwi
image_1409.jpg,lemon
image_1410.jpg,lemon
image_1411.jpg,lemon
image_1412.jpg,lemon
image_1413.jpg,lemon
image_1414.jpg,lemon
image_1415.jpg,lemon
image_1416.jpg,lemon
image_1417.jpg,lemon
image_1418.jpg,lemon
image_1419.jpg,lemon
image_1420.jpg,lemon
image_1421.jpg,lemon
image_1422.jpg,lemon
image_1423.jpg,lemon
image_1424.jpg,lemon
image_1425.jpg,lemon
image_1426.jpg,lemon
image_1427.jpg,lemon
image_1428.jpg,lemon
image_1429.jpg,lemon
image_1430.jpg,lemon
image_1431.jpg,lemon
image_1432.jpg,lemon
image_1433.jpg,lemon
image_1434.jpg,lemon
image_1435.jpg,lemon
image_1436.jpg,lemon
image_1437.jpg,lemon
image_1438.jpg,lemon
image_1439.jpg,lemon
image_1440.jpg,lemon
image_1441.jpg,lemon
image_1442.jpg,lemon
image_1443.jpg,lemon
image_1444.jpg,lemon
image_1445.jpg,lemon
image_1446.jpg,lemon
image_1447.jpg,lemon
image_1448.jpg,lemon
image_1449.jpg,lemon
image_1450.jpg,lemon
image_1451.jpg,lemon
image_1452.jpg,lemon
image_1453.jpg,lemon
image_1454.jpg,lemon
image_1455.jpg,lemon
image_1456.jpg,lemon
image_1457.jpg,lemon
image_1458.jpg,lemon
image_1459.jpg,lemon
image_1460.jpg,lemon
image_1461.jpg,lemon
image_1462.jpg,lemon
image_1463.jpg,lemon
image_1464.jpg,lemon
image_1465.jpg,lemon
image_1466.jpg,lemon
image_1467.jpg,lemon
image_1468.jpg,lemon
image_1469.jpg,lemon
image_1470.jpg,lemon
image_1471.jpg,lemon
image_1472.jpg,lemon
image_1473.jpg,lemon
image_1474.jpg,lemon
image_1475.jpg,lemon
image_1476.jpg,lemon
image_1477.jpg,lemon
image_1478.jpg,lemon
image_1479.jpg,lemon
image_1480.jpg,lemon
image_1481.jpg,lemon
image_1482.jpg,lemon
image_1483.jpg,lemon
image_1484.jpg,lemon
image_1485.jpg,lemon
image_1486.jpg,lemon
image_1487.jpg,lemon
image_1488.jpg,lemon
image_1489.jpg,lemon
image_1490.jpg,lettuce
image_1491.jpg,lettuce
image_1492.jpg,lettuce
image_1493.jpg,lettuce
image_1494.jpg,lettuce
image_1495.jpg,lettuce
image_1496.jpg,lettuce
image_1497.jpg,lettuce
image_1498.jpg,lettuce
image_1499.jpg,lettuce
image_1500.jpg,lettuce
image_1501.jpg,lettuce
image_1502.jpg,lettuce
image_1503.jpg,lettuce
image_1504.jpg,lettuce
image_1505.jpg,lettuce
image_1506.jpg,lettuce
image_1507.jpg,lettuce
image_1508.jpg,lettuce
image_1509.jpg,lettuce
image_1510.jpg,lettuce
image_1511.jpg,lettuce
image_1512.jpg,lettuce
image_1513.jpg,lettuce
image_1514.jpg,lettuce
image_1515.jpg,lettuce
image_1516.jpg,lettuce
image_1517.jpg,lettuce
image_1518.jpg,lettuce
image_1519.jpg,lettuce
image_1520.jpg,lettuce
image_1521.jpg,lettuce
image_1522.jpg,lettuce
image_1523.jpg,lettuce
image_1524.jpg,lettuce
image_1525.jpg,lettuce
image_1526.jpg,lettuce
image_1527.jpg,lettuce
image_1528.jpg,lettuce
image_1529.jpg,lettuce
image_1530.jpg,lettuce
image_1531.jpg,lettuce
image_1532.jpg,lettuce
image_1533.jpg,lettuce
image_1534.jpg,lettuce
image_1535.jpg,lettuce
image_1536.jpg,lettuce
image_1537.jpg,lettuce
image_1538.jpg,lettuce
image_1539.jpg,lettuce
image_1540.jpg,lettuce
image_1541.jpg,lettuce
image_1542.jpg,lettuce
image_1543.jpg,lettuce
image_1544.jpg,lettuce
image_1545.jpg,lettuce
image_1546.jpg,lettuce
image_1547.jpg,lettuce
image_1548.jpg,lettuce
image_1549.jpg,lettuce
image_1550.jpg,lettuce
image_1551.jpg,lettuce
image_1552.jpg,lettuce
image_1553.jpg,lettuce
image_1554.jpg,lettuce
image_1555.jpg,lettuce
image_1556.jpg,lettuce
image_1557.jpg,lettuce
image_1558.jpg,lettuce
image_1559.jpg,lettuce
image_1560.jpg,lettuce
image_1561.jpg,lettuce
image_1562.jpg,lettuce
image_1563.jpg,lettuce
image_1564.jpg,lettuce
image_1565.jpg,lettuce
image_1566.jpg,lettuce
image_1567.jpg,lettuce
image_1568.jpg,lettuce
image_1569.jpg,lettuce
image_1570.jpg,lettuce
image_1571.jpg,lettuce
image_1572.jpg,lettuce
image_1573.jpg,lettuce
image_1574.jpg,lettuce
image_1575.jpg,lettuce
image_1576.jpg,lettuce
image_1577.jpg,lettuce
image_1578.jpg,lettuce
image_1579.jpg,lettuce
image_1580.jpg,lettuce
image_1581.jpg,lettuce
image_1582.jpg,lettuce
image_1583.jpg,lettuce
image_1584.jpg,lettuce
image_1585.jpg,mango
image_1586.jpg,mango
image_1587.jpg,mango
image_1588.jpg,mango
image_1589.jpg,mango
image_1590.jpg,mango
image_1591.jpg,mango
image_1592.jpg,mango
image_1593.jpg,mango
image_1594.jpg,mango
image_1595.jpg,mango
image_1596.jpg,mango
image_1597.jpg,mango
image_1598.jpg,mango
image_1599.jpg,mango
image_1600.jpg,mango
image_1601.jpg,mango
image_1602.jpg,mango
image_1603.jpg,mango
image_1604.jpg,mango
image_1605.jpg,mango
image_1606.jpg,mango
image_1607.jpg,mango
image_1608.jpg,mango
image_1609.jpg,mango
image_1610.jpg,mango
image_1611.jpg,mango
image_1612.jpg,mango
image_1613.jpg,mango
image_1614.jpg,mango
image_1615.jpg,mango
image_1616.jpg,mango
image_1617.jpg,mango
image_1618.jpg,mango
image_1619.jpg,mango
image_1620.jpg,mango
image_1621.jpg,mango
image_1622.jpg,mango
image_1623.jpg,mango
image_1624.jpg,mango
image_1625.jpg,mango
image_1626.jpg,mango
image_1627.jpg,mango
image_1628.jpg,mango
image_1629.jpg,mango
image_1630.jpg,mango
image_1631.jpg,mango
image_1632.jpg,mango
image_1633.jpg,mango
image_1634.jpg,mango
image_1635.jpg,mango
image_1636.jpg,mango
image_1637.jpg,mango
image_1638.jpg,mango
image_1639.jpg,mango
image_1640.jpg,mango
image_1641.jpg,mango
image_1642.jpg,mango
image_1643.jpg,mango
image_1644.jpg,mango
image_1645.jpg,mango
image_1646.jpg,mango
image_1647.jpg,mango
image_1648.jpg,mango
image_1649.jpg,mango
image_1650.jpg,mango
image_1651.jpg,mango
image_1652.jpg,mango
image_1653.jpg,mango
image_1654.jpg,mango
image_1655.jpg,mango
image_1656.jpg,mango
image_1657.jpg,mango
image_1658.jpg,mango
image_1659.jpg,mango
image_1660.jpg,mango
image_1661.jpg,mango
image_1662.jpg,mango
image_1663.jpg,mango
image_1664.jpg,mango
image_1665.jpg,mango
image_1666.jpg,mango
image_1667.jpg,mango
image_1668.jpg,mango
image_1669.jpg,onion
image_1670.jpg,onion
image_1671.jpg,onion
image_1672.jpg,onion
image_1673.jpg,onion
image_1674.jpg,onion
image_1675.jpg,onion
image_1676.jpg,onion
image_1677.jpg,onion
image_1678.jpg,onion
image_1679.jpg,onion
image_1680.jpg,onion
image_1681.jpg,onion
image_1682.jpg,onion
image_1683.jpg,onion
image_1684.jpg,onion
image_1685.jpg,onion
image_1686.jpg,onion
image_1687.jpg,onion
image_1688.jpg,onion
image_1689.jpg,onion
image_1690.jpg,onion
image_1691.jpg,onion
image_1692.jpg,onion
image_1693.jpg,onion
image_1694.jpg,onion
image_1695.jpg,onion
image_1696.jpg,onion
image_1697.jpg,onion
image_1698.jpg,onion
image_1699.jpg,onion
image_1700.jpg,onion
image_1701.jpg,onion
image_1702.jpg,onion
image_1703.jpg,onion
image_1704.jpg,onion
image_1705.jpg,onion
image_1706.jpg,onion
image_1707.jpg,onion
image_1708.jpg,onion
image_1709.jpg,onion
image_1710.jpg,onion
image_1711.jpg,onion
image_1712.jpg,onion
image_1713.jpg,onion
image_1714.jpg,onion
image_1715.jpg,onion
image_1716.jpg,onion
image_1717.jpg,onion
image_1718.jpg,onion
image_1719.jpg,onion
image_1720.jpg,onion
image_1721.jpg,onion
image_1722.jpg,onion
image_1723.jpg,onion
image_1724.jpg,onion
image_1725.jpg,onion
image_1726.jpg,onion
image_1727.jpg,onion
image_1728.jpg,onion
image_1729.jpg,onion
image_1730.jpg,onion
image_1731.jpg,onion
image_1732.jpg,onion
image_1733.jpg,onion
image_1734.jpg,onion
image_1735.jpg,onion
image_1736.jpg,onion
image_1737.jpg,onion
image_1738.jpg,onion
image_1739.jpg,onion
image_1740.jpg,onion
image_1741.jpg,onion
image_1742.jpg,onion
image_1743.jpg,onion
image_1744.jpg,onion
image_1745.jpg,onion
image_1746.jpg,onion
image_1747.jpg,onion
image_1748.jpg,onion
image_1749.jpg,onion
image_1750.jpg,onion
image_1751.jpg,onion
image_1752.jpg,onion
image_1753.jpg,onion
image_1754.jpg,onion
image_1755.jpg,onion
image_1756.jpg,onion
image_1757.jpg,onion
image_1758.jpg,onion
image_1759.jpg,onion
image_1760.jpg,onion
image_1761.jpg,onion
image_1762.jpg,orange
image_1763.jpg,orange
image_1764.jpg,orange
image_1765.jpg,orange
image_1766.jpg,orange
image_1767.jpg,orange
image_1768.jpg,orange
image_1769.jpg,orange
image_1770.jpg,orange
image_1771.jpg,orange
image_1772.jpg,orange
image_1773.jpg,orange
image_1774.jpg,orange
image_1775.jpg,orange
image_1776.jpg,orange
image_1777.jpg,orange
image_1778.jpg,orange
image_1779.jpg,orange
image_1780.jpg,orange
image_1781.jpg,orange
image_1782.jpg,orange
image_1783.jpg,orange
image_1784.jpg,orange
image_1785.jpg,orange
image_1786.jpg,orange
image_1787.jpg,orange
image_1788.jpg,orange
image_1789.jpg,orange
image_1790.jpg,orange
image_1791.jpg,orange
image_1792.jpg,orange
image_1793.jpg,orange
image_1794.jpg,orange
image_1795.jpg,orange
image_1796.jpg,orange
image_1797.jpg,orange
image_1798.jpg,orange
image_1799.jpg,orange
image_1800.jpg,orange
image_1801.jpg,orange
image_1802.jpg,orange
image_1803.jpg,orange
image_1804.jpg,orange
image_1805.jpg,orange
image_1806.jpg,orange
image_1807.jpg,orange
image_1808.jpg,orange
image_1809.jpg,orange
image_1810.jpg,orange
image_1811.jpg,orange
image_1812.jpg,orange
image_1813.jpg,orange
image_1814.jpg,orange
image_1815.jpg,orange
image_1816.jpg,orange
image_1817.jpg,orange
image_1818.jpg,orange
image_1819.jpg,orange
image_1820.jpg,orange
image_1821.jpg,orange
image_1822.jpg,orange
image_1823.jpg,orange
image_1824.jpg,orange
image_1825.jpg,orange
image_1826.jpg,orange
image_1827.jpg,orange
image_1828.jpg,orange
image_1829.jpg,orange
image_1830.jpg,paprika
image_1831.jpg,paprika
image_1832.jpg,paprika
image_1833.jpg,paprika
image_1834.jpg,paprika
image_1835.jpg,paprika
image_1836.jpg,paprika
image_1837.jpg,paprika
image_1838.jpg,paprika
image_1839.jpg,paprika
image_1840.jpg,paprika
image_1841.jpg,paprika
image_1842.jpg,paprika
image_1843.jpg,paprika
image_1844.jpg,paprika
image_1845.jpg,paprika
image_1846.jpg,paprika
image_1847.jpg,paprika
image_1848.jpg,paprika
image_1849.jpg,paprika
image_1850.jpg,paprika
image_1851.jpg,paprika
image_1852.jpg,paprika
image_1853.jpg,paprika
image_1854.jpg,paprika
image_1855.jpg,paprika
image_1856.jpg,paprika
image_1857.jpg,paprika
image_1858.jpg,paprika
image_1859.jpg,paprika
image_1860.jpg,paprika
image_1861.jpg,paprika
image_1862.jpg,paprika
image_1863.jpg,paprika
image_1864.jpg,paprika
image_1865.jpg,paprika
image_1866.jpg,paprika
image_1867.jpg,paprika
image_1868.jpg,paprika
image_1869.jpg,paprika
image_1870.jpg,paprika
image_1871.jpg,paprika
image_1872.jpg,paprika
image_1873.jpg,paprika
image_1874.jpg,paprika
image_1875.jpg,paprika
image_1876.jpg,paprika
image_1877.jpg,paprika
image_1878.jpg,paprika
image_1879.jpg,paprika
image_1880.jpg,paprika
image_1881.jpg,paprika
image_1882.jpg,paprika
image_1883.jpg,paprika
image_1884.jpg,paprika
image_1885.jpg,paprika
image_1886.jpg,paprika
image_1887.jpg,paprika
image_1888.jpg,paprika
image_1889.jpg,paprika
image_1890.jpg,paprika
image_1891.jpg,paprika
image_1892.jpg,paprika
image_1893.jpg,paprika
image_1894.jpg,paprika
image_1895.jpg,paprika
image_1896.jpg,paprika
image_1897.jpg,paprika
image_1898.jpg,paprika
image_1899.jpg,paprika
image_1900.jpg,paprika
image_1901.jpg,paprika
image_1902.jpg,paprika
image_1903.jpg,paprika
image_1904.jpg,paprika
image_1905.jpg,paprika
image_1906.jpg,paprika
image_1907.jpg,paprika
image_1908.jpg,paprika
image_1909.jpg,paprika
image_1910.jpg,paprika
image_1911.jpg,paprika
image_1912.jpg,pear
image_1913.jpg,pear
image_1914.jpg,pear
image_1915.jpg,pear
image_1916.jpg,pear
image_1917.jpg,pear
image_1918.jpg,pear
image_1919.jpg,pear
image_1920.jpg,pear
image_1921.jpg,pear
image_1922.jpg,pear
image_1923.jpg,pear
image_1924.jpg,pear
image_1925.jpg,pear
image_1926.jpg,pear
image_1927.jpg,pear
image_1928.jpg,pear
image_1929.jpg,pear
image_1930.jpg,pear
image_1931.jpg,pear
image_1932.jpg,pear
image_1933.jpg,pear
image_1934.jpg,pear
image_1935.jpg,pear
image_1936.jpg,pear
image_1937.jpg,pear
image_1938.jpg,pear
image_1939.jpg,pear
image_1940.jpg,pear
image_1941.jpg,pear
image_1942.jpg,pear
image_1943.jpg,pear
image_1944.jpg,pear
image_1945.jpg,pear
image_1946.jpg,pear
image_1947.jpg,pear
image_1948.jpg,pear
image_1949.jpg,pear
image_1950.jpg,pear
image_1951.jpg,pear
image_1952.jpg,pear
image_1953.jpg,pear
image_1954.jpg,pear
image_1955.jpg,pear
image_1956.jpg,pear
image_1957.jpg,pear
image_1958.jpg,pear
image_1959.jpg,pear
image_1960.jpg,pear
image_1961.jpg,pear
image_1962.jpg,pear
image_1963.jpg,pear
image_1964.jpg,pear
image_1965.jpg,pear
image_1966.jpg,pear
image_1967.jpg,pear
image_1968.jpg,pear
image_1969.jpg,pear
image_1970.jpg,pear
image_1971.jpg,pear
image_1972.jpg,pear
image_1973.jpg,pear
image_1974.jpg,pear
image_1975.jpg,pear
image_1976.jpg,pear
image_1977.jpg,pear
image_1978.jpg,pear
image_1979.jpg,pear
image_1980.jpg,pear
image_1981.jpg,pear
image_1982.jpg,pear
image_1983.jpg,pear
image_1984.jpg,pear
image_1985.jpg,pear
image_1986.jpg,pear
image_1987.jpg,pear
image_1988.jpg,pear
image_1989.jpg,pear
image_1990.jpg,pear
image_1991.jpg,pear
image_1992.jpg,pear
image_1993.jpg,pear
image_1994.jpg,pear
image_1995.jpg,pear
image_1996.jpg,pear
image_1997.jpg,pear
image_1998.jpg,pear
image_1999.jpg,pear
image_2000.jpg,peas
image_2001.jpg,peas
image_2002.jpg,peas
image_2003.jpg,peas
image_2004.jpg,peas
image_2005.jpg,peas
image_2006.jpg,peas
image_2007.jpg,peas
image_2008.jpg,peas
image_2009.jpg,peas
image_2010.jpg,peas
image_2011.jpg,peas
image_2012.jpg,peas
image_2013.jpg,peas
image_2014.jpg,peas
image_2015.jpg,peas
image_2016.jpg,peas
image_2017.jpg,peas
image_2018.jpg,peas
image_2019.jpg,peas
image_2020.jpg,peas
image_2021.jpg,peas
image_2022.jpg,peas
image_2023.jpg,peas
image_2024.jpg,peas
image_2025.jpg,peas
image_2026.jpg,peas
image_2027.jpg,peas
image_2028.jpg,peas
image_2029.jpg,peas
image_2030.jpg,peas
image_2031.jpg,peas
image_2032.jpg,peas
image_2033.jpg,peas
image_2034.jpg,peas
image_2035.jpg,peas
image_2036.jpg,peas
image_2037.jpg,peas
image_2038.jpg,peas
image_2039.jpg,peas
image_2040.jpg,peas
image_2041.jpg,peas
image_2042.jpg,peas
image_2043.jpg,peas
image_2044.jpg,peas
image_2045.jpg,peas
image_2046.jpg,peas
image_2047.jpg,peas
image_2048.jpg,peas
image_2049.jpg,peas
image_2050.jpg,peas
image_2051.jpg,peas
image_2052.jpg,peas
image_2053.jpg,peas
image_2054.jpg,peas
image_2055.jpg,peas
image_2056.jpg,peas
image_2057.jpg,peas
image_2058.jpg,peas
image_2059.jpg,peas
image_2060.jpg,peas
image_2061.jpg,peas
image_2062.jpg,peas
image_2063.jpg,peas
image_2064.jpg,peas
image_2065.jpg,peas
image_2066.jpg,peas
image_2067.jpg,peas
image_2068.jpg,peas
image_2069.jpg,peas
image_2070.jpg,peas
image_2071.jpg,peas
image_2072.jpg,peas
image_2073.jpg,peas
image_2074.jpg,peas
image_2075.jpg,peas
image_2076.jpg,peas
image_2077.jpg,peas
image_2078.jpg,peas
image_2079.jpg,peas
image_2080.jpg,peas
image_2081.jpg,peas
image_2082.jpg,peas
image_2083.jpg,peas
image_2084.jpg,peas
image_2085.jpg,peas
image_2086.jpg,peas
image_2087.jpg,peas
image_2088.jpg,peas
image_2089.jpg,peas
image_2090.jpg,peas
image_2091.jpg,peas
image_2092.jpg,peas
image_2093.jpg,peas
image_2094.jpg,peas
image_2095.jpg,peas
image_2096.jpg,pineapple
image_2097.jpg,pineapple
image_2098.jpg,pineapple
image_2099.jpg,pineapple
image_2100.jpg,pineapple
image_2101.jpg,pineapple
image_2102.jpg,pineapple
image_2103.jpg,pineapple
image_2104.jpg,pineapple
image_2105.jpg,pineapple
image_2106.jpg,pineapple
image_2107.jpg,pineapple
image_2108.jpg,pineapple
image_2109.jpg,pineapple
image_2110.jpg,pineapple
image_2111.jpg,pineapple
image_2112.jpg,pineapple
image_2113.jpg,pineapple
image_2114.jpg,pineapple
image_2115.jpg,pineapple
image_2116.jpg,pineapple
image_2117.jpg,pineapple
image_2118.jpg,pineapple
image_2119.jpg,pineapple
image_2120.jpg,pineapple
image_2121.jpg,pineapple
image_2122.jpg,pineapple
image_2123.jpg,pineapple
image_2124.jpg,pineapple
image_2125.jpg,pineapple
image_2126.jpg,pineapple
image_2127.jpg,pineapple
image_2128.jpg,pineapple
image_2129.jpg,pineapple
image_2130.jpg,pineapple
image_2131.jpg,pineapple
image_2132.jpg,pineapple
image_2133.jpg,pineapple
image_2134.jpg,pineapple
image_2135.jpg,pineapple
image_2136.jpg,pineapple
image_2137.jpg,pineapple
image_2138.jpg,pineapple
image_2139.jpg,pineapple
image_2140.jpg,pineapple
image_2141.jpg,pineapple
image_2142.jpg,pineapple
image_2143.jpg,pineapple
image_2144.jpg,pineapple
image_2145.jpg,pineapple
image_2146.jpg,pineapple
image_2147.jpg,pineapple
image_2148.jpg,pineapple
image_2149.jpg,pineapple
image_2150.jpg,pineapple
image_2151.jpg,pineapple
image_2152.jpg,pineapple
image_2153.jpg,pineapple
image_2154.jpg,pineapple
image_2155.jpg,pineapple
image_2156.jpg,pineapple
image_2157.jpg,pineapple
image_2158.jpg,pineapple
image_2159.jpg,pineapple
image_2160.jpg,pineapple
image_2161.jpg,pineapple
image_2162.jpg,pineapple
image_2163.jpg,pineapple
image_2164.jpg,pineapple
image_2165.jpg,pineapple
image_2166.jpg,pineapple
image_2167.jpg,pineapple
image_2168.jpg,pineapple
image_2169.jpg,pineapple
image_2170.jpg,pineapple
image_2171.jpg,pineapple
image_2172.jpg,pineapple
image_2173.jpg,pineapple
image_2174.jpg,pineapple
image_2175.jpg,pineapple
image_2176.jpg,pineapple
image_2177.jpg,pineapple
image_2178.jpg,pineapple
image_2179.jpg,pineapple
image_2180.jpg,pineapple
image_2181.jpg,pineapple
image_2182.jpg,pineapple
image_2183.jpg,pineapple
image_2184.jpg,pineapple
image_2185.jpg,pineapple
image_2186.jpg,pineapple
image_2187.jpg,pineapple
image_2188.jpg,pineapple
image_2189.jpg,pineapple
image_2190.jpg,pineapple
image_2191.jpg,pineapple
image_2192.jpg,pineapple
image_2193.jpg,pineapple
image_2194.jpg,pomegranate
image_2195.jpg,pomegranate
image_2196.jpg,pomegranate
image_2197.jpg,pomegranate
image_2198.jpg,pomegranate
image_2199.jpg,pomegranate
image_2200.jpg,pomegranate
image_2201.jpg,pomegranate
image_2202.jpg,pomegranate
image_2203.jpg,pomegranate
image_2204.jpg,pomegranate
image_2205.jpg,pomegranate
image_2206.jpg,pomegranate
image_2207.jpg,pomegranate
image_2208.jpg,pomegranate
image_2209.jpg,pomegranate
image_2210.jpg,pomegranate
image_2211.jpg,pomegranate
image_2212.jpg,pomegranate
image_2213.jpg,pomegranate
image_2214.jpg,pomegranate
image_2215.jpg,pomegranate
image_2216.jpg,pomegranate
image_2217.jpg,pomegranate
image_2218.jpg,pomegranate
image_2219.jpg,pomegranate
image_2220.jpg,pomegranate
image_2221.jpg,pomegranate
image_2222.jpg,pomegranate
image_2223.jpg,pomegranate
image_2224.jpg,pomegranate
image_2225.jpg,pomegranate
image_2226.jpg,pomegranate
image_2227.jpg,pomegranate
image_2228.jpg,pomegranate
image_2229.jpg,pomegranate
image_2230.jpg,pomegranate
image_2231.jpg,pomegranate
image_2232.jpg,pomegranate
image_2233.jpg,pomegranate
image_2234.jpg,pomegranate
image_2235.jpg,pomegranate
image_2236.jpg,pomegranate
image_2237.jpg,pomegranate
image_2238.jpg,pomegranate
image_2239.jpg,pomegranate
image_2240.jpg,pomegranate
image_2241.jpg,pomegranate
image_2242.jpg,pomegranate
image_2243.jpg,pomegranate
image_2244.jpg,pomegranate
image_2245.jpg,pomegranate
image_2246.jpg,pomegranate
image_2247.jpg,pomegranate
image_2248.jpg,pomegranate
image_2249.jpg,pomegranate
image_2250.jpg,pomegranate
image_2251.jpg,pomegranate
image_2252.jpg,pomegranate
image_2253.jpg,pomegranate
image_2254.jpg,pomegranate
image_2255.jpg,pomegranate
image_2256.jpg,pomegranate
image_2257.jpg,pomegranate
image_2258.jpg,pomegranate
image_2259.jpg,pomegranate
image_2260.jpg,pomegranate
image_2261.jpg,pomegranate
image_2262.jpg,pomegranate
image_2263.jpg,pomegranate
image_2264.jpg,pomegranate
image_2265.jpg,pomegranate
image_2266.jpg,pomegranate
image_2267.jpg,pomegranate
image_2268.jpg,pomegranate
image_2269.jpg,pomegranate
image_2270.jpg,pomegranate
image_2271.jpg,pomegranate
image_2272.jpg,potato
image_2273.jpg,potato
image_2274.jpg,potato
image_2275.jpg,potato
image_2276.jpg,potato
image_2277.jpg,potato
image_2278.jpg,potato
image_2279.jpg,potato
image_2280.jpg,potato
image_2281.jpg,potato
image_2282.jpg,potato
image_2283.jpg,potato
image_2284.jpg,potato
image_2285.jpg,potato
image_2286.jpg,potato
image_2287.jpg,potato
image_2288.jpg,potato
image_2289.jpg,potato
image_2290.jpg,potato
image_2291.jpg,potato
image_2292.jpg,potato
image_2293.jpg,potato
image_2294.jpg,potato
image_2295.jpg,potato
image_2296.jpg,potato
image_2297.jpg,potato
image_2298.jpg,potato
image_2299.jpg,potato
image_2300.jpg,potato
image_2301.jpg,potato
image_2302.jpg,potato
image_2303.jpg,potato
image_2304.jpg,potato
image_2305.jpg,potato
image_2306.jpg,potato
image_2307.jpg,potato
image_2308.jpg,potato
image_2309.jpg,potato
image_2310.jpg,potato
image_2311.jpg,potato
image_2312.jpg,potato
image_2313.jpg,potato
image_2314.jpg,potato
image_2315.jpg,potato
image_2316.jpg,potato
image_2317.jpg,potato
image_2318.jpg,potato
image_2319.jpg,potato
image_2320.jpg,potato
image_2321.jpg,potato
image_2322.jpg,potato
image_2323.jpg,potato
image_2324.jpg,potato
image_2325.jpg,potato
image_2326.jpg,potato
image_2327.jpg,potato
image_2328.jpg,potato
image_2329.jpg,potato
image_2330.jpg,potato
image_2331.jpg,potato
image_2332.jpg,potato
image_2333.jpg,potato
image_2334.jpg,potato
image_2335.jpg,potato
image_2336.jpg,potato
image_2337.jpg,potato
image_2338.jpg,potato
image_2339.jpg,potato
image_2340.jpg,potato
image_2341.jpg,potato
image_2342.jpg,potato
image_2343.jpg,potato
image_2344.jpg,potato
image_2345.jpg,potato
image_2346.jpg,potato
image_2347.jpg,raddish
image_2348.jpg,raddish
image_2349.jpg,raddish
image_2350.jpg,raddish
image_2351.jpg,raddish
image_2352.jpg,raddish
image_2353.jpg,raddish
image_2354.jpg,raddish
image_2355.jpg,raddish
image_2356.jpg,raddish
image_2357.jpg,raddish
image_2358.jpg,raddish
image_2359.jpg,raddish
image_2360.jpg,raddish
image_2361.jpg,raddish
image_2362.jpg,raddish
image_2363.jpg,raddish
image_2364.jpg,raddish
image_2365.jpg,raddish
image_2366.jpg,raddish
image_2367.jpg,raddish
image_2368.jpg,raddish
image_2369.jpg,raddish
image_2370.jpg,raddish
image_2371.jpg,raddish
image_2372.jpg,raddish
image_2373.jpg,raddish
image_2374.jpg,raddish
image_2375.jpg,raddish
image_2376.jpg,raddish
image_2377.jpg,raddish
image_2378.jpg,raddish
image_2379.jpg,raddish
image_2380.jpg,raddish
image_2381.jpg,raddish
image_2382.jpg,raddish
image_2383.jpg,raddish
image_2384.jpg,raddish
image_2385.jpg,raddish
image_2386.jpg,raddish
image_2387.jpg,raddish
image_2388.jpg,raddish
image_2389.jpg,raddish
image_2390.jpg,raddish
image_2391.jpg,raddish
image_2392.jpg,raddish
image_2393.jpg,raddish
image_2394.jpg,raddish
image_2395.jpg,raddish
image_2396.jpg,raddish
image_2397.jpg,raddish
image_2398.jpg,raddish
image_2399.jpg,raddish
image_2400.jpg,raddish
image_2401.jpg,raddish
image_2402.jpg,raddish
image_2403.jpg,raddish
image_2404.jpg,raddish
image_2405.jpg,raddish
image_2406.jpg,raddish
image_2407.jpg,raddish
image_2408.jpg,raddish
image_2409.jpg,raddish
image_2410.jpg,raddish
image_2411.jpg,raddish
image_2412.jpg,raddish
image_2413.jpg,raddish
image_2414.jpg,raddish
image_2415.jpg,raddish
image_2416.jpg,raddish
image_2417.jpg,raddish
image_2418.jpg,raddish
image_2419.jpg,raddish
image_2420.jpg,raddish
image_2421.jpg,raddish
image_2422.jpg,raddish
image_2423.jpg,raddish
image_2424.jpg,raddish
image_2425.jpg,raddish
image_2426.jpg,soy beans
image_2427.jpg,soy beans
image_2428.jpg,soy beans
image_2429.jpg,soy beans
image_2430.jpg,soy beans
image_2431.jpg,soy beans
image_2432.jpg,soy beans
image_2433.jpg,soy beans
image_2434.jpg,soy beans
image_2435.jpg,soy beans
image_2436.jpg,soy beans
image_2437.jpg,soy beans
image_2438.jpg,soy beans
image_2439.jpg,soy beans
image_2440.jpg,soy beans
image_2441.jpg,soy beans
image_2442.jpg,soy beans
image_2443.jpg,soy beans
image_2444.jpg,soy beans
image_2445.jpg,soy beans
image_2446.jpg,soy beans
image_2447.jpg,soy beans
image_2448.jpg,soy beans
image_2449.jpg,soy beans
image_2450.jpg,soy beans
image_2451.jpg,soy beans
image_2452.jpg,soy beans
image_2453.jpg,soy beans
image_2454.jpg,soy beans
image_2455.jpg,soy beans
image_2456.jpg,soy beans
image_2457.jpg,soy beans
image_2458.jpg,soy beans
image_2459.jpg,soy beans
image_2460.jpg,soy beans
image_2461.jpg,soy beans
image_2462.jpg,soy beans
image_2463.jpg,soy beans
image_2464.jpg,soy beans
image_2465.jpg,soy beans
image_2466.jpg,soy beans
image_2467.jpg,soy beans
image_2468.jpg,soy beans
image_2469.jpg,soy beans
image_2470.jpg,soy beans
image_2471.jpg,soy beans
image_2472.jpg,soy beans
image_2473.jpg,soy beans
image_2474.jpg,soy beans
image_2475.jpg,soy beans
image_2476.jpg,soy beans
image_2477.jpg,soy beans
image_2478.jpg,soy beans
image_2479.jpg,soy beans
image_2480.jpg,soy beans
image_2481.jpg,soy beans
image_2482.jpg,soy beans
image_2483.jpg,soy beans
image_2484.jpg,soy beans
image_2485.jpg,soy beans
image_2486.jpg,soy beans
image_2487.jpg,soy beans
image_2488.jpg,soy beans
image_2489.jpg,soy beans
image_2490.jpg,soy beans
image_2491.jpg,soy beans
image_2492.jpg,soy beans
image_2493.jpg,soy beans
image_2494.jpg,soy beans
image_2495.jpg,soy beans
image_2496.jpg,soy beans
image_2497.jpg,soy beans
image_2498.jpg,soy beans
image_2499.jpg,soy beans
image_2500.jpg,soy beans
image_2501.jpg,soy beans
image_2502.jpg,soy beans
image_2503.jpg,soy beans
image_2504.jpg,soy beans
image_2505.jpg,soy beans
image_2506.jpg,soy beans
image_2507.jpg,soy beans
image_2508.jpg,soy beans
image_2509.jpg,soy beans
image_2510.jpg,soy beans
image_2511.jpg,soy beans
image_2512.jpg,soy beans
image_2513.jpg,soy beans
image_2514.jpg,soy beans
image_2515.jpg,soy beans
image_2516.jpg,soy beans
image_2517.jpg,soy beans
image_2518.jpg,soy beans
image_2519.jpg,soy beans
image_2520.jpg,soy beans
image_2521.jpg,soy beans
image_2522.jpg,spinach
image_2523.jpg,spinach
image_2524.jpg,spinach
image_2525.jpg,spinach
image_2526.jpg,spinach
image_2527.jpg,spinach
image_2528.jpg,spinach
image_2529.jpg,spinach
image_2530.jpg,spinach
image_2531.jpg,spinach
image_2532.jpg,spinach
image_2533.jpg,spinach
image_2534.jpg,spinach
image_2535.jpg,spinach
image_2536.jpg,spinach
image_2537.jpg,spinach
image_2538.jpg,spinach
image_2539.jpg,spinach
image_2540.jpg,spinach
image_2541.jpg,spinach
image_2542.jpg,spinach
image_2543.jpg,spinach
image_2544.jpg,spinach
image_2545.jpg,spinach
image_2546.jpg,spinach
image_2547.jpg,spinach
image_2548.jpg,spinach
image_2549.jpg,spinach
image_2550.jpg,spinach
image_2551.jpg,spinach
image_2552.jpg,spinach
image_2553.jpg,spinach
image_2554.jpg,spinach
image_2555.jpg,spinach
image_2556.jpg,spinach
image_2557.jpg,spinach
image_2558.jpg,spinach
image_2559.jpg,spinach
image_2560.jpg,spinach
image_2561.jpg,spinach
image_2562.jpg,spinach
image_2563.jpg,spinach
image_2564.jpg,spinach
image_2565.jpg,spinach
image_2566.jpg,spinach
image_2567.jpg,spinach
image_2568.jpg,spinach
image_2569.jpg,spinach
image_2570.jpg,spinach
image_2571.jpg,spinach
image_2572.jpg,spinach
image_2573.jpg,spinach
image_2574.jpg,spinach
image_2575.jpg,spinach
image_2576.jpg,spinach
image_2577.jpg,spinach
image_2578.jpg,spinach
image_2579.jpg,spinach
image_2580.jpg,spinach
image_2581.jpg,spinach
image_2582.jpg,spinach
image_2583.jpg,spinach
image_2584.jpg,spinach
image_2585.jpg,spinach
image_2586.jpg,spinach
image_2587.jpg,spinach
image_2588.jpg,spinach
image_2589.jpg,spinach
image_2590.jpg,spinach
image_2591.jpg,spinach
image_2592.jpg,spinach
image_2593.jpg,spinach
image_2594.jpg,spinach
image_2595.jpg,spinach
image_2596.jpg,spinach
image_2597.jpg,spinach
image_2598.jpg,spinach
image_2599.jpg,spinach
image_2600.jpg,spinach
image_2601.jpg,spinach
image_2602.jpg,spinach
image_2603.jpg,spinach
image_2604.jpg,spinach
image_2605.jpg,spinach
image_2606.jpg,spinach
image_2607.jpg,spinach
image_2608.jpg,spinach
image_2609.jpg,spinach
image_2610.jpg,spinach
image_2611.jpg,spinach
image_2612.jpg,spinach
image_2613.jpg,spinach
image_2614.jpg,spinach
image_2615.jpg,spinach
image_2616.jpg,sweetcorn
image_2617.jpg,sweetcorn
image_2618.jpg,sweetcorn
image_2619.jpg,sweetcorn
image_2620.jpg,sweetcorn
image_2621.jpg,sweetcorn
image_2622.jpg,sweetcorn
image_2623.jpg,sweetcorn
image_2624.jpg,sweetcorn
image_2625.jpg,sweetcorn
image_2626.jpg,sweetcorn
image_2627.jpg,sweetcorn
image_2628.jpg,sweetcorn
image_2629.jpg,sweetcorn
image_2630.jpg,sweetcorn
image_2631.jpg,sweetcorn
image_2632.jpg,sweetcorn
image_2633.jpg,sweetcorn
image_2634.jpg,sweetcorn
image_2635.jpg,sweetcorn
image_2636.jpg,sweetcorn
image_2637.jpg,sweetcorn
image_2638.jpg,sweetcorn
image_2639.jpg,sweetcorn
image_2640.jpg,sweetcorn
image_2641.jpg,sweetcorn
image_2642.jpg,sweetcorn
image_2643.jpg,sweetcorn
image_2644.jpg,sweetcorn
image_2645.jpg,sweetcorn
image_2646.jpg,sweetcorn
image_2647.jpg,sweetcorn
image_2648.jpg,sweetcorn
image_2649.jpg,sweetcorn
image_2650.jpg,sweetcorn
image_2651.jpg,sweetcorn
image_2652.jpg,sweetcorn
image_2653.jpg,sweetcorn
image_2654.jpg,sweetcorn
image_2655.jpg,sweetcorn
image_2656.jpg,sweetcorn
image_2657.jpg,sweetcorn
image_2658.jpg,sweetcorn
image_2659.jpg,sweetcorn
image_2660.jpg,sweetcorn
image_2661.jpg,sweetcorn
image_2662.jpg,sweetcorn
image_2663.jpg,sweetcorn
image_2664.jpg,sweetcorn
image_2665.jpg,sweetcorn
image_2666.jpg,sweetcorn
image_2667.jpg,sweetcorn
image_2668.jpg,sweetcorn
image_2669.jpg,sweetcorn
image_2670.jpg,sweetcorn
image_2671.jpg,sweetcorn
image_2672.jpg,sweetcorn
image_2673.jpg,sweetcorn
image_2674.jpg,sweetcorn
image_2675.jpg,sweetcorn
image_2676.jpg,sweetcorn
image_2677.jpg,sweetcorn
image_2678.jpg,sweetcorn
image_2679.jpg,sweetcorn
image_2680.jpg,sweetcorn
image_2681.jpg,sweetcorn
image_2682.jpg,sweetcorn
image_2683.jpg,sweetcorn
image_2684.jpg,sweetcorn
image_2685.jpg,sweetcorn
image_2686.jpg,sweetcorn
image_2687.jpg,sweetcorn
image_2688.jpg,sweetcorn
image_2689.jpg,sweetcorn
image_2690.jpg,sweetcorn
image_2691.jpg,sweetcorn
image_2692.jpg,sweetcorn
image_2693.jpg,sweetcorn
image_2694.jpg,sweetcorn
image_2695.jpg,sweetcorn
image_2696.jpg,sweetcorn
image_2697.jpg,sweetcorn
image_2698.jpg,sweetcorn
image_2699.jpg,sweetcorn
image_2700.jpg,sweetcorn
image_2701.jpg,sweetcorn
image_2702.jpg,sweetcorn
image_2703.jpg,sweetcorn
image_2704.jpg,sweetpotato
image_2705.jpg,sweetpotato
image_2706.jpg,sweetpotato
image_2707.jpg,sweetpotato
image_2708.jpg,sweetpotato
image_2709.jpg,sweetpotato
image_2710.jpg,sweetpotato
image_2711.jpg,sweetpotato
image_2712.jpg,sweetpotato
image_2713.jpg,sweetpotato
image_2714.jpg,sweetpotato
image_2715.jpg,sweetpotato
image_2716.jpg,sweetpotato
image_2717.jpg,sweetpotato
image_2718.jpg,sweetpotato
image_2719.jpg,sweetpotato
image_2720.jpg,sweetpotato
image_2721.jpg,sweetpotato
image_2722.jpg,sweetpotato
image_2723.jpg,sweetpotato
image_2724.jpg,sweetpotato
image_2725.jpg,sweetpotato
image_2726.jpg,sweetpotato
image_2727.jpg,sweetpotato
image_2728.jpg,sweetpotato
image_2729.jpg,sweetpotato
image_2730.jpg,sweetpotato
image_2731.jpg,sweetpotato
image_2732.jpg,sweetpotato
image_2733.jpg,sweetpotato
image_2734.jpg,sweetpotato
image_2735.jpg,sweetpotato
image_2736.jpg,sweetpotato
image_2737.jpg,sweetpotato
image_2738.jpg,sweetpotato
image_2739.jpg,sweetpotato
image_2740.jpg,sweetpotato
image_2741.jpg,sweetpotato
image_2742.jpg,sweetpotato
image_2743.jpg,sweetpotato
image_2744.jpg,sweetpotato
image_2745.jpg,sweetpotato
image_2746.jpg,sweetpotato
image_2747.jpg,sweetpotato
image_2748.jpg,sweetpotato
image_2749.jpg,sweetpotato
image_2750.jpg,sweetpotato
image_2751.jpg,sweetpotato
image_2752.jpg,sweetpotato
image_2753.jpg,sweetpotato
image_2754.jpg,sweetpotato
image_2755.jpg,sweetpotato
image_2756.jpg,sweetpotato
image_2757.jpg,sweetpotato
image_2758.jpg,sweetpotato
image_2759.jpg,sweetpotato
image_2760.jpg,sweetpotato
image_2761.jpg,sweetpotato
image_2762.jpg,sweetpotato
image_2763.jpg,sweetpotato
image_2764.jpg,sweetpotato
image_2765.jpg,sweetpotato
image_2766.jpg,sweetpotato
image_2767.jpg,sweetpotato
image_2768.jpg,sweetpotato
image_2769.jpg,sweetpotato
image_2770.jpg,sweetpotato
image_2771.jpg,sweetpotato
image_2772.jpg,sweetpotato
image_2773.jpg,tomato
image_2774.jpg,tomato
image_2775.jpg,tomato
image_2776.jpg,tomato
image_2777.jpg,tomato
image_2778.jpg,tomato
image_2779.jpg,tomato
image_2780.jpg,tomato
image_2781.jpg,tomato
image_2782.jpg,tomato
image_2783.jpg,tomato
image_2784.jpg,tomato
image_2785.jpg,tomato
image_2786.jpg,tomato
image_2787.jpg,tomato
image_2788.jpg,tomato
image_2789.jpg,tomato
image_2790.jpg,tomato
image_2791.jpg,tomato
image_2792.jpg,tomato
image_2793.jpg,tomato
image_2794.jpg,tomato
image_2795.jpg,tomato
image_2796.jpg,tomato
image_2797.jpg,tomato
image_2798.jpg,tomato
image_2799.jpg,tomato
image_2800.jpg,tomato
image_2801.jpg,tomato
image_2802.jpg,tomato
image_2803.jpg,tomato
image_2804.jpg,tomato
image_2805.jpg,tomato
image_2806.jpg,tomato
image_2807.jpg,tomato
image_2808.jpg,tomato
image_2809.jpg,tomato
image_2810.jpg,tomato
image_2811.jpg,tomato
image_2812.jpg,tomato
image_2813.jpg,tomato
image_2814.jpg,tomato
image_2815.jpg,tomato
image_2816.jpg,tomato
image_2817.jpg,tomato
image_2818.jpg,tomato
image_2819.jpg,tomato
image_2820.jpg,tomato
image_2821.jpg,tomato
image_2822.jpg,tomato
image_2823.jpg,tomato
image_2824.jpg,tomato
image_2825.jpg,tomato
image_2826.jpg,tomato
image_2827.jpg,tomato
image_2828.jpg,tomato
image_2829.jpg,tomato
image_2830.jpg,tomato
image_2831.jpg,tomato
image_2832.jpg,tomato
image_2833.jpg,tomato
image_2834.jpg,tomato
image_2835.jpg,tomato
image_2836.jpg,tomato
image_2837.jpg,tomato
image_2838.jpg,tomato
image_2839.jpg,tomato
image_2840.jpg,tomato
image_2841.jpg,tomato
image_2842.jpg,tomato
image_2843.jpg,tomato
image_2844.jpg,tomato
image_2845.jpg,tomato
image_2846.jpg,tomato
image_2847.jpg,tomato
image_2848.jpg,tomato
image_2849.jpg,tomato
image_2850.jpg,tomato
image_2851.jpg,tomato
image_2852.jpg,tomato
image_2853.jpg,tomato
image_2854.jpg,tomato
image_2855.jpg,tomato
image_2856.jpg,tomato
image_2857.jpg,tomato
image_2858.jpg,tomato
image_2859.jpg,tomato
image_2860.jpg,tomato
image_2861.jpg,tomato
image_2862.jpg,tomato
image_2863.jpg,tomato
image_2864.jpg,tomato
image_2865.jpg,turnip
image_2866.jpg,turnip
image_2867.jpg,turnip
image_2868.jpg,turnip
image_2869.jpg,turnip
image_2870.jpg,turnip
image_2871.jpg,turnip
image_2872.jpg,turnip
image_2873.jpg,turnip
image_2874.jpg,turnip
image_2875.jpg,turnip
image_2876.jpg,turnip
image_2877.jpg,turnip
image_2878.jpg,turnip
image_2879.jpg,turnip
image_2880.jpg,turnip
image_2881.jpg,turnip
image_2882.jpg,turnip
image_2883.jpg,turnip
image_2884.jpg,turnip
image_2885.jpg,turnip
image_2886.jpg,turnip
image_2887.jpg,turnip
image_2888.jpg,turnip
image_2889.jpg,turnip
image_2890.jpg,turnip
image_2891.jpg,turnip
image_2892.jpg,turnip
image_2893.jpg,turnip
image_2894.jpg,turnip
image_2895.jpg,turnip
image_2896.jpg,turnip
image_2897.jpg,turnip
image_2898.jpg,turnip
image_2899.jpg,turnip
image_2900.jpg,turnip
image_2901.jpg,turnip
image_2902.jpg,turnip
image_2903.jpg,turnip
image_2904.jpg,turnip
image_2905.jpg,turnip
image_2906.jpg,turnip
image_2907.jpg,turnip
image_2908.jpg,turnip
image_2909.jpg,turnip
image_2910.jpg,turnip
image_2911.jpg,turnip
image_2912.jpg,turnip
image_2913.jpg,turnip
image_2914.jpg,turnip
image_2915.jpg,turnip
image_2916.jpg,turnip
image_2917.jpg,turnip
image_2918.jpg,turnip
image_2919.jpg,turnip
image_2920.jpg,turnip
image_2921.jpg,turnip
image_2922.jpg,turnip
image_2923.jpg,turnip
image_2924.jpg,turnip
image_2925.jpg,turnip
image_2926.jpg,turnip
image_2927.jpg,turnip
image_2928.jpg,turnip
image_2929.jpg,turnip
image_2930.jpg,turnip
image_2931.jpg,turnip
image_2932.jpg,turnip
image_2933.jpg,turnip
image_2934.jpg,turnip
image_2935.jpg,turnip
image_2936.jpg,turnip
image_2937.jpg,turnip
image_2938.jpg,turnip
image_2939.jpg,turnip
image_2940.jpg,turnip
image_2941.jpg,turnip
image_2942.jpg,turnip
image_2943.jpg,turnip
image_2944.jpg,turnip
image_2945.jpg,turnip
image_2946.jpg,turnip
image_2947.jpg,turnip
image_2948.jpg,turnip
image_2949.jpg,turnip
image_2950.jpg,turnip
image_2951.jpg,turnip
image_2952.jpg,turnip
image_2953.jpg,turnip
image_2954.jpg,turnip
image_2955.jpg,turnip
image_2956.jpg,turnip
image_2957.jpg,turnip
image_2958.jpg,watermelon
image_2959.jpg,watermelon
image_2960.jpg,watermelon
image_2961.jpg,watermelon
image_2962.jpg,watermelon
image_2963.jpg,watermelon
image_2964.jpg,watermelon
image_2965.jpg,watermelon
image_2966.jpg,watermelon
image_2967.jpg,watermelon
image_2968.jpg,watermelon
image_2969.jpg,watermelon
image_2970.jpg,watermelon
image_2971.jpg,watermelon
image_2972.jpg,watermelon
image_2973.jpg,watermelon
image_2974.jpg,watermelon
image_2975.jpg,watermelon
image_2976.jpg,watermelon
image_2977.jpg,watermelon
image_2978.jpg,watermelon
image_2979.jpg,watermelon
image_2980.jpg,watermelon
image_2981.jpg,watermelon
image_2982.jpg,watermelon
image_2983.jpg,watermelon
image_2984.jpg,watermelon
image_2985.jpg,watermelon
image_2986.jpg,watermelon
image_2987.jpg,watermelon
image_2988.jpg,watermelon
image_2989.jpg,watermelon
image_2990.jpg,watermelon
image_2991.jpg,watermelon
image_2992.jpg,watermelon
image_2993.jpg,watermelon
image_2994.jpg,watermelon
image_2995.jpg,watermelon
image_2996.jpg,watermelon
image_2997.jpg,watermelon
image_2998.jpg,watermelon
image_2999.jpg,watermelon
image_3000.jpg,watermelon
image_3001.jpg,watermelon
image_3002.jpg,watermelon
image_3003.jpg,watermelon
image_3004.jpg,watermelon
image_3005.jpg,watermelon
image_3006.jpg,watermelon
image_3007.jpg,watermelon
image_3008.jpg,watermelon
image_3009.jpg,watermelon
image_3010.jpg,watermelon
image_3011.jpg,watermelon
image_3012.jpg,watermelon
image_3013.jpg,watermelon
image_3014.jpg,watermelon
image_3015.jpg,watermelon
image_3016.jpg,watermelon
image_3017.jpg,watermelon
image_3018.jpg,watermelon
image_3019.jpg,watermelon
image_3020.jpg,watermelon
image_3021.jpg,watermelon
image_3022.jpg,watermelon
image_3023.jpg,watermelon
image_3024.jpg,watermelon
image_3025.jpg,watermelon
image_3026.jpg,watermelon
image_3027.jpg,watermelon
image_3028.jpg,watermelon
image_3029.jpg,watermelon
image_3030.jpg,watermelon
image_3031.jpg,watermelon
image_3032.jpg,watermelon
image_3033.jpg,watermelon
image_3034.jpg,watermelon
image_3035.jpg,watermelon
image_3036.jpg,watermelon
image_3037.jpg,watermelon
image_3038.jpg,watermelon
image_3039.jpg,watermelon
image_3040.jpg,watermelon
